id,Section,Title,N,Kimberling Centers,Year,sound,Video1
1,Affine Images,Affine images of billiard N-periodics Ia: N=3 quartet,3,"1,3,9",2021,T,https://youtu.be/EJzqsELkPN4
2,Affine Images,Affine images of billiard N-periodics Ib: N=3 trio (part 01),3,"1,3,6,9",2021,,https://youtu.be/HjBZdrR3Azs
3,Affine Images,Affine images of billiard N-periodics Ib: N=3 trio (part 02),3,"1,3,6,9",2021,,https://youtu.be/aWs29dqY34M
4,Affine Images,Affine images of billiard N-periodics IIa: N=5 quartet & trio (part 01),5,--,2021,T,https://youtu.be/VQ4fB_s33HE
5,Affine Images,Affine images of billiard N-periodics IIa: N=5 quartet & trio (part 02),5,--,2021,,https://youtu.be/buhDTsjpvRQ
6,Affine Images,Affine images of billiard N-periodics IIb: N=5 role reversal,5,--,2021,T,https://youtu.be/7KtTtXXJlEI
7,Anticevian,The Anticevian Polygon I: Basic Phenomena,5,--,2021,T,https://youtu.be/FKvDfamTy-Y
8,Anticevian,The Anticevian Polygon II: Cyclical Projectivities,5,--,2021,T,https://youtu.be/BLHBlOWrtjs
9,Area Invariants,Amazing Ellipse Pedal and Contrapedal Curves: area invariance for all pedal points on a circle,n/a,--,2020,T,https://youtu.be/UUnvj7VIYso
10,Area Invariants,Regular Polygons: the Signed Area of the Antipedal Polygon Vanishes along a Circle?,"3,4,5,6,7,8",--,2020,T,https://youtu.be/9PZ6_bHz2UE
11,Area Invariants,Steiner's Krümmungs-Schwerpunkt implies Area-Invariant Interpolated Pedal Curve over Circles,n/a,--,2020,T,https://youtu.be/gR8Axe823_M
12,Bicentric Family,Non-Concentric Circular Poncelet Pair: Invariant Sum of Japanese Theorem Inradii (A. Akopyan),"5,6",--,2020,T,https://youtu.be/BEvdUUolUXI
13,Bicentric Family,"Bicentric Family I: Properties of Pedals, Polars, & Inversions of N-Periodics in Elliptic Billiard","3,4,5",7,2021,T,https://youtu.be/jhXDKRFLpVk
14,Bicentric Family,Bicentric Family II: invariant perimeter limiting point pedals,"3,4,5",7,2021,T,https://youtu.be/A7F3szW7rUE
15,Bicentric Family,"Bicentric Family III: Equiperimeter ""Limiting"" Pedal Polygons to the Bicentric Family","3,4,5",--,2021,T,https://youtu.be/6TmaezNFrOs
16,Bicentric Family,Bicentric Family IV: Constant-Perimeter Limiting Point Pedals in the N=4 Case,4,--,2021,,https://youtu.be/fZe6elRTfeA
17,Bicentric Family,"Circular locus of the covertices of an ellipse ""mounted"" to bicentric triangles",3,"1,3",2021,,https://youtu.be/wvNUdJbyHZA
18,Bicentric Family,Peripheral triangles: circular locus of incenters and invariant sum of inradii,"4,5",--,2021,T,https://youtu.be/HnqqaqDf2mo
19,Bicentric Family,"Peripheral triangles: Constant Inradius Sum, Japanese-Style Triangles, Incenter Circular Loci","4,5,6,7",--,2021,T,https://youtu.be/TGwlfBUtKrs
20,Bicentric Family,The Jacobi-Poncelet Bicentric family: 3 derived constant perimeter families,5,--,2021,T,https://youtu.be/8m21fCz8eX4
21,Bicentric Family,Zero-Area N=4 Bicentric Pedals,4,--,2021,T,https://youtu.be/hwx1i-W6yLQ
22,Brocard,Brocard Porism: equilateral Isodynamic Pedals have invariant area ratio + circular centroidal locus,3,"3,6,15,16,39,182",2020,T,https://youtu.be/s4DF-iZZO8Y
23,Brocard,Brocard Porism: Family of Second Brocard Triangles is a second Brocard Porism,3,"3,6,15,39,182,39498",2020,T,https://youtu.be/MprJtB4UW9s
24,Brocard,"Brocard Porism: Locus of 1st, 2nd, 5th, and 7th Brocard Triangles' Vertices are Circles",3,"3,6,39,182,9821",2020,T,https://youtu.be/_bK-BCQv24A
25,Brocard,Continuous Family of Brocard Porisms with Stationary Isodynamic Points X15 and X16,3,"3,6,15,182",2020,T,https://youtu.be/jY_8zxBljuk
26,Brocard,"It takes 2 to tango: Brocard-Poncelet Porism, stationary Brocard Points and invariant Brocard Angle",3,"3,6,39,182",2020,T,https://youtu.be/JANPPLET0so
27,Brocard,"Joined at the hip: Brocard Porism, Steiner Ellipses, and the Homothetic Poncelet Pair",3,"2,3,6,182",2020,T,https://youtu.be/h3GZz7pcJp0
28,Brocard,Poncelet 3-Periodics of Homothetic Pair: Elliptic Loci of Brocard Pts + Vertices of 1st Brocard Tri,3,2,2020,T,https://youtu.be/13i3JGY-fK4
29,Brocard,Rusian-doll nesting of Brocard porisms: concyclic sequence of Brocard points and the Beltrami points,3,"6,39,182",2020,T,https://youtu.be/Z3YlEbCFbnA
30,Brocard,Russian-Doll nesting of Brocard porisms courtesy of the second Brocard triangle,3,"6,39,182",2020,T,https://youtu.be/T7c4CDHIk7s
31,Brocard,The Family of Second Brocard Triangles in the Brocard Porism,3,"3,6,15,39,182",2020,T,https://youtu.be/Wgwh4-neJp4
32,Brocard,The Poncelet Homothetic Pair contains an Aspect-Ratio Invariant Brocard Inellipse,3,"2,39",2020,T,https://youtu.be/DIm2qTxGWXE
33,Brocard,Invariants of the Generalized Brocard Porism,"3,4,5,6,7",--,2021,T,https://youtu.be/UYI_lBubKXA
34,Cayley-Poncelet,Area Invariants of Poncelet N-Periodics and their Polar Polygons,"3,4,5,6,7,8",--,2021,T,https://youtu.be/2TgmJ-YHydQ
35,Cayley-Poncelet,Cayley-Poncelet Phenomena I: Finding an Ellipse Pair in General Position which admits 3-Periodics,3,--,2021,T,https://youtu.be/virCpDtEvJU
36,Cayley-Poncelet,Cayley-Poncelet Phenomena II: Invariant Power of Center wrt Circumrcircle and Euler's Circle,3,"3,5",2021,T,https://youtu.be/4xsm_hQU-dE
37,Convex Combinations,"Barycenter with Median, and Incenter with Intouchpoint",3,"1,2",2019,,https://youtu.be/3Gr3Nh5-jHs
38,Convex Combinations,Excenter and its corresponding Extouch point,3,--,2019,,https://youtu.be/OD8Ah0hf8yQ
39,Convex Combinations,"Orthocenter with one altitude foot, and Circumcenter with median",3,"3,4",2019,,https://youtu.be/HZFjkWD_CnE
40,Cross-Ratio Invariants,"Poncelet Cross-Ratio Invariants I: exploring N=5,6,7,8","5,6,7,8",--,2021,T,https://youtu.be/vgHoLM5pg6o
41,Cross-Ratio Invariants,Poncelet Cross-Ratio Invariants II: 3 diagonals in the N=5 case,5,--,2021,T,https://youtu.be/XqpYVrXbK5s
42,Cross-Ratio Invariants,Poncelet Cross-Ratio Invariants III: 3 diagonals in the N=5 self-intersected case,5,--,2021,T,https://youtu.be/4bd0YhQZMPM
43,Cross-Ratio Invariants,Poncelet Cross-Ratio Invariants IV: N=6 and N=8 and unit cross-ratio products,"6,8",--,2021,T,https://youtu.be/i6krQu5Ls1E
44,Cross-Ratio Invariants,"Poncelet Cross-Ratio Invariants V: Bicentric Pentagons, Pentagrams and their Projective Images",5,--,2021,T,https://youtu.be/b-WIfLej_yY
45,Cross-Ratio Invariants,Unit Product of Cross-Ratios in a Hexagon Independent of Vertices,6,--,2021,,https://youtu.be/heiqfRTQ2Mc
46,Early Results,Conservation of Sum and Product of Cosines,3,--,2019,T,https://youtu.be/P8ykpE_ZbZ8
47,Early Results,Elliptic Loci of X(1) to X(5) and Euler Line,3,"1,2,3,4,5",2019,,https://youtu.be/sMcNzcYaqtg
48,Early Results,Feuerbach Point Sweeps Billiard and its Anti-Complement and Extouch Points sweep caustic,3,"1,2,5,11,100",2019,T,https://youtu.be/TXdg7tUl8lc
49,Early Results,Mittenpunkt is stationary at center of billiard I,3,9,2019,,https://youtu.be/tMrBqfRBYik
50,Early Results,Mittenpunkt is stationary at center of billiard II,3,9,2019,,https://youtu.be/AoCWcza95OA
51,Early Results,"Loci of Vertices of Medial, Intouch and Feuerbach Triangles is not elliptic",3,"1,5,11",2019,T,https://youtu.be/OGvCQbYqJyI
52,Ellipse Echoes,Ellipse Echoes I: Circular wavefronts released into circular and elliptic cavities,n/a,--,2021,T,https://youtu.be/LQnNLMhH9EE
53,Ellipse-Inscribed Triangles,Circle-Mounted Triangles: Surprising Loci of the Brocard Points,3,--,2020,T,https://youtu.be/Ms8jC9yOKU4
54,Ellipse-Inscribed Triangles,Ellipse-Inscribed Triangles VI: Envelope of X4 Loci is Area-Invariant and Cousin of Pascal's Limaçon,3,--,2020,T,https://youtu.be/sPQrz7ddRfA
55,Ellipse-Inscribed Triangles,Ellipse-Mounted Triangles: Elliptic locus of the Orthocenter X(4) and suprising area invariance,3,4,2020,T,https://youtu.be/Fo-tNRcA-CQ
56,Ellipse-Inscribed Triangles,Loci of Ellipse-Inscribed Triangles I: Basic Phenomena,3,"2,3,4,5,381",2020,T,https://youtu.be/zjiNgfndBWg
57,Ellipse-Inscribed Triangles,Loci of Ellipse-Inscribed Triangles II: X(ρ) slides merrily along the Euler line,3,"2,4",2020,T,https://youtu.be/w5KuN_0rQBQ
58,Ellipse-Inscribed Triangles,Loci of Ellipse-Inscribed Triangles III: family of V1V2 parallels causes rigid locus translation,3,--,2020,T,https://youtu.be/zFOeENDJRho
59,Ellipse-Inscribed Triangles,Loci of Ellipse-Inscribed Triangles IV: Multiple Loci Over Parallel V1V2,3,--,2020,T,https://youtu.be/TpBjKlkFjkg
60,Ellipse-Inscribed Triangles,Loci of Ellipse-Inscribed Triangles V: Circular Loci if V1V2 Horizontal or Vertical for Certain ρ,3,--,2020,T,https://youtu.be/nLeKvxcicNY
61,Envelopes,Elliptic Envelope of P1(t) with P1(t+pi/2),3,--,2020,,https://youtu.be/8a4JoddyEyc
62,Envelopes,Envelope of 3-Periodic P1 and reflected P2 is Elliptic,3,--,2020,T,https://youtu.be/GJgiUulX1aU
63,Envelopes,Envelope of 3-Periodic Vertex with Triangle Center,3,"1,2,3,4,5,6,7,8,10,11,12,20",2020,,https://youtu.be/bRY61RdxCkM
64,Envelopes,Envelope of Antiorthic and Gergonne Lines,3,"9,44,1155,857,908",2020,,https://youtu.be/Q7l6_Z4IyEI
65,Envelopes,Envelope of Simson Lines from X100 and X99 to two N=3 Poncelet Families,3,"2,3,9,99,100",2020,T,https://youtu.be/79veSHrElb4
66,Envelopes,Envelopes of Sides of Derived Triangles,3,--,2020,T,https://youtu.be/SJrgWtdX8xU
67,Envelopes,Evolute of Elliptic Billiard and Envelope of X(1)-X(5),3,"1,5,4,9,",2020,,https://youtu.be/eBStp-7X5yE
68,Envelopes,Evolute Triangles of P1(t) with X(i),3,"1,3,5,20",2020,,https://youtu.be/DhqDdMAlBZM
69,Envelopes,The Bat-Envelope of X(48) and X(37143),3,"48,37143",2020,T,https://youtu.be/Kr93eFZnB_U
70,Frégier,Frégier Phenomena I: Area-Invariant Envelope of Chords,n/a,--,2021,T,https://youtu.be/UCCG5AT8dh8
71,Frégier,Frégier Phenomena II: Envelope of Chords over M,n/a,--,2021,T,https://youtu.be/mJ6opTPFAO4
72,Frégier,Frégier Phenomena III: Circular Envelopes and a New Invariant for a Poncelet Family,n/a,--,2021,T,https://youtu.be/AzNXeBU2NTI
73,Harmonic Polygons,"Harmonic Polygons, Part III: Isocurves of Inversive Brocard Angle are Circles of the Schoute Pencil",6,--,2021,T,https://youtu.be/VFqSvpuU0wg
74,Harmonic Polygons,"Harmonic Polygons, Part IV: Four Harmonic Inversive Images of Steiner's Porism",5,--,2021,T,https://youtu.be/PGaUZHOvQIg
75,Harmonic Polygons,Inversive Image of Pivoting Harmonic Family Part I: Stationary Inversive Symmedian/Lemoine Point,6,--,2021,T,https://youtu.be/jn3GD9SEkdU
76,Harmonic Polygons,Inversive Image of Pivoting Harmonic Family Part II: Rigid Rotations about Harmonic Limiting Points,6,--,2021,T,https://youtu.be/9GwfELl-tHk
77,Harmonic Polygons,Inversive-Area Iso-Contours of Harmonic Polygons (obtained as Polar Images of the Homothetic family),"3,4",--,2021,T,https://youtu.be/erV4NILgWrE
78,Harmonic Polygons,Exploring the Dynamic Geometry and Conservations of the Steiner-Soddy and Harmonic Poncelet Porims,"3,4,5,6",--,2022,,https://youtu.be/1zrp1HMeUbk
79,Homothetic Pair,Homothetic Poncelet Pair: Invariant-Area Evolute Polygons,5,--,2020,T,https://youtu.be/JCj0q7_hlA8
80,Homothetic Pair,Homothetic Poncelet Pair: Invariant-Area N=5 Evolute Polygons and the Ellipse Evolute,5,--,2020,T,https://youtu.be/ChsfLzKrb4o
81,Homothetic Pair,Homothetic Poncelet Pair: Zero-Area Evolute Polygons,"3,5,6,8",--,2020,T,https://youtu.be/3nvXYFoI5Wg
82,Homothetic Pair,Zero-Area N=3 Homothetic Evolute Polygons,3,--,2020,T,https://youtu.be/f80QaYs5_J4
83,Homothetic Pair,Zero area N=3 evolute polygons are segments which intersect at X(76),3,"2,76",2021,T,https://youtu.be/OFA_j25R8ks
84,Hyperbolic Billiard,3-Periodics in a Hyperbolic Billiard,3,--,2020,T,https://youtu.be/kaUdX0eGDec
85,Hyperbolic Billiard,"A triangle, its elliptic billiard, and three associated hyperbolic billiards",3,"1,6,9",2020,T,https://youtu.be/mkdv4401-zY
86,IMPA 33o CBM,"Fenômenos Euclidianos em Famílias Ponceletianas, Aula 01 -- Apresentação",n/a,--,2021,T,https://youtu.be/84sG5siQWwg
87,IMPA 33o CBM,"Fenômenos Euclidianos em Famílias Ponceletianas, Aula 03 -- Revisão Geometria dos Triângulos",n/a,--,2021,T,https://youtu.be/AKmvd1uCZ9o
88,IMPA 33o CBM,"Fenômenos Euclidianos em Famílias Ponceletianas, Aula 04 -- Invariantes Bilhar Elíptico N=3",n/a,--,2021,T,https://youtu.be/ti1rkBK62ck
89,IMPA 33o CBM,"Fenômenos Euclidianos em Famílias Ponceletianas, Aula 08 -- Famílias Concêntricas",n/a,--,2021,T,https://youtu.be/fMC4nmQ6OQE
90,In- and Circum-parabolas,Family of tangential triangles to N=3 bicentrics: locus of vertices and of X4,3,"1,3,4,7",2021,T,https://youtu.be/9thwJcfUBmM
91,In- and Circum-parabolas,Focus Locus Hocus Pocus: Circumparabolas of the Bicentric Family,3,--,2021,T,https://youtu.be/_7gv3Pqed6M
92,In- and Circum-parabolas,General Circle-Inscribed Poncelet Triangles and Loci of the Inparabola Vertex,3,--,2021,T,https://youtu.be/Y_Mh4zPtwWM
93,In- and Circum-parabolas,Loci of a family of parabola-inscribed equilaterals and their polar triangles,3,"4,40,13,15",2021,T,https://youtu.be/5nnPWQGp1tE
94,In- and Circum-parabolas,Loci of circumparabolas of an equilateral triangle and associated family of polar triangles,3,"4,8,55,76,99",2021,T,https://youtu.be/51jSJmaZ8Vk
95,In- and Circum-parabolas,More Circumparabola Loci over Poncelet Triangle: the case of the Polar triangle,3,"2,4",2021,T,https://youtu.be/tTTIs_zxU3U
96,In- and Circum-parabolas,"Poncelet ""homothetic"" triangle family and its family of circumparabolas",3,--,2021,T,https://youtu.be/DKd7kjnVVTc
97,In- and Circum-parabolas,Surprising Loci of Inparabolas over Poncelet triangles inscribed in a circle: Part I,3,3,2021,T,https://youtu.be/HTe3Wlqctq4
98,In- and Circum-parabolas,Surprising Loci of Inparabolas over Poncelet triangles inscribed in a circle: Part II,3,--,2021,T,https://youtu.be/qicI7zl7ICM
99,In- and Circum-parabolas,The amazing family of polar triangles derived from a parabola-inscribed Poncelet family,3,"1, 2, 3, 4, 26, 68, 99, 107, 110, 112, 161, 249, ...",2021,T,https://youtu.be/L2UpEHFQ6CY
100,Inconics & Circumconics,Circumbilliard of anticomplementary triangle,3,"1,2,5,7,11,100",2019,,https://youtu.be/18RyUdh8qLk
101,Inconics & Circumconics,Every triangle has a unique Circumbilliard,3,9,2019,,https://youtu.be/vSCnorIJ2X8
102,Inconics & Circumconics,Invariants of the Steiner Circum and Inconics,3,"2,190",2019,,https://youtu.be/YQpX1eZ6O0I
103,Inconics & Circumconics,Invariants of the X(1)-centered circumellipse,3,"1,3,100",2019,,https://youtu.be/82gYh_3hIe4
104,Inconics & Circumconics,Locus of Intersection of X(1)- and X(2)-centered circumellipses,3,"1,2,75,77,100,190",2019,,https://youtu.be/PTkpvvsjqNc
105,Inconics & Circumconics,Peter Moses' Points on the X(9)-centered circumellipse I,3,"88, 100, 162, 190, 651, 653, 655, 658, 660, 662, 673, 771, 799, 823, 897, 1156, 1492, 1821, 2349, 2580, 2581, 3257, 4598, 4599, 4604, 4606, 4607, 8052, 20332, 23707, 24624, 27834, 32680",2019,,https://youtu.be/JdcJt5PExsw
106,Inconics & Circumconics,Peter Moses' Points on the X(9)-centered circumellipse II,3,"88, 100, 162, 190, 651, 653, 655, 658, 660, 662, 673, 771, 799, 823, 897, 1156, 1492, 1821, 2349, 2580, 2581, 3257, 4598, 4599, 4604, 4606, 4607, 8052, 20332, 23707, 24624, 27834, 32680",2019,,https://youtu.be/86TZzDuRNN0
107,Inconics & Circumconics,The Feuerbach and Excentral Hyperbolas I,3,"1,4,7,8,9,11,40, 100,144,1156",2019,,https://youtu.be/T5vXNsRcHZg
108,Inconics & Circumconics,The Feuerbach and Excentral Hyperbolas II,3,"1,4,7,8,9,11,40, 100,144,1156",2019,,https://youtu.be/Pz4tUijYZCA
109,Inconics & Circumconics,The Jerabek Hyperbola and Circumbilliard of the Excentral Triangle,3,"1,9,40,100, 168,1156",2019,,https://youtu.be/7Q1TCbW2jFM
110,Inconics & Circumconics,The X(1)- and X(2)-centered circumellipses I,3,"1,2,9",2019,,https://youtu.be/AQ2AITmMs-g
111,Inconics & Circumconics,The X(1)- and X(2)-centered circumellipses I,3,"1,2,9",2019,,https://youtu.be/P_Io7HsWGnQ
112,Inconics & Circumconics,The X(100)-centered Excentral Jerabek Hyperbola,3,"1,9,100",2019,,https://youtu.be/uS0V1YjmEyY
113,Inconics & Circumconics,Circumbilliards of Triangles Derived from 3-Periodics,3,"7,8,142,168",2020,,https://youtu.be/Og7xLgkrLqw
114,Inconics & Circumconics,Excentral MacBeath Inconic: Invariant Aspect Ratio,3,"1,3,40,1742",2020,T,https://youtu.be/IxrIkW5tj20
115,Inconics & Circumconics,Excentral X(3)-Centered & MacBeath Inconics: Invariant Aspect Ratio,,"1,3,9,40,1742,2951",2020,T,https://youtu.be/CHbrZvx1I8w
116,Inconics & Circumconics,Feuerbach and Excentral Jerabek Circumhyperbolas: Invariant Focal Length Ratio I,3,"1,4,9,11,40,100,1156",2020,T,https://youtu.be/ewioM6-nCpY
117,Inconics & Circumconics,Feuerbach and Excentral Jerabek Circumhyperbolas: Invariant Focal Length Ratio II,3,"1,4,9,11,40,100,1156",2020,,https://youtu.be/QZN82WDTGGY
118,Inconics & Circumconics,Orthic Circumbilliard & Locus of Its Mittenpunkt,3,"4,6,9",2020,,https://youtu.be/5KL8st2vIb0
119,Inconics & Circumconics,"The Yff Parabola, Contact Triangle & Loci of Vertex and Axis Foot I",3,"4,9,101,190,3234",2020,,https://youtu.be/BaQmt3hHVtw
120,Inconics & Circumconics,"The Yff Parabola, Contact Triangle & Loci of Vertex and Axis Foot II",3,"4,9,101,190,3234",2020,,https://youtu.be/Sm9g5lqhZbk
121,Inconics & Circumconics,X(3)-Centered Excentral Inconic: Invariant Aspect Ratio,3,"3,40,69,2951",2020,T,https://youtu.be/ojxzOS1Sjjo
122,Inversions of Pivoting Triangles,Circular isocurves of distance between Symmedian of a reference triangle and its inversive image,3,--,2021,T,https://youtu.be/uoAocIk8LYI
123,Inversions of Pivoting Triangles,"Inversive Image of Pivoting Triangle, Part I: Stationary Symmedian Point X(6) of Inversive",3,--,2021,T,https://youtu.be/mI4BcoUnb6U
124,Inversions of Pivoting Triangles,"Inversive Image of Pivoting Triangle, Part II: Conic Loci of X(3) and X(6) of Inversive",3,--,2021,T,https://youtu.be/qVCjQfXkK_k
125,Inversions of Pivoting Triangles,"Inversive Image of Pivoting Triangle, Part III: Piecewise Point-Circular Loci of X'(15) and X'(16)",3,--,2021,T,https://youtu.be/iFEHMSELf7U
126,Inversions of Pivoting Triangles,"Inversive Image of Pivoting Triangle, Part IV: Piecewise Point-Elliptic Loci of X'(61) and X'(62)",3,--,2021,T,https://youtu.be/HPp5I_kCf0g
127,Inversions of Pivoting Triangles,"Inversive Image of Pivoting Triangle, Part V: Loci of the Isodynamic Midpoint X'(187)",3,--,2021,T,https://youtu.be/qZFd0SwJ8xg
128,Inversions of Pivoting Triangles,Isocurves of distance between triangle center in reference triangle vs in inversive (or polar) image I,3,--,2021,T,https://youtu.be/SvG8ogSzZh4
129,Inversions of Pivoting Triangles,Isocurves of distance between triangle center in reference triangle vs in inversive (or polar) image II,3,--,2021,,https://youtu.be/BHG4yMSgi8k
130,Inversions of Pivoting Triangles,Stationary Symmedian Point of the Inversive Image of an X(6)-Pivoting Triangle,3,--,2021,T,https://youtu.be/GLRZSbzzP1U
131,Inversive Poncelet,Centers of Inversive Arcs area a Bicentric Poncelet Family w/ Invariants,5,--,2020,T,https://youtu.be/mXkk_4RYrnU
132,Inversive Poncelet,Circles Galore I: Loci of Focus-Inversive 3-Periodics in the Elliptic Billiard (11 notable centers),3,"1, 2, 3, 4, 5, 9, 10, 11, 20, 40, 100",2020,T,https://youtu.be/tKB-50zW8F4
133,Inversive Poncelet,Circles Galore II: 29 Loci of Focus-Inversive 3-Periodics in the Elliptic Billiard,3,"1, 2, 3, 4, 5, 8, 9, 10, 11, 12, 20, 21, 35, 36, 40, 46, 55, 56, 57, 63, 65, 72, 78, 79, 80, 84, 90, 100",2020,T,https://youtu.be/srjm23nQbMc
134,Inversive Poncelet,Circles Galore III: Loci of Focus-Inversive 3-Periodics in the Elliptic Billiard (9 notable centers),3,"1,2,3,4,5,8,9,10,11",2020,T,https://youtu.be/OAD2hpCRgCI
135,Inversive Poncelet,"Elliptic Billiard Focus-Inversive N-periodics: Loci of Vertex, Perimeter, Area Centroids are Circles",5,--,2020,T,https://youtu.be/hjzW84ZZApA
136,Inversive Poncelet,Elliptic Billiard N-Periodics: invariant sum of inverse focal distances & inversive Pascal Limaçon,5,--,2020,T,https://youtu.be/FmWq1YiAs5o
137,Inversive Poncelet,Focus-Inversive N=3 Family in the Elliptic Billiard: Pascal Limaçon-Inscribed Billiard Triangles I,3,"9,7",2020,T,https://youtu.be/Y-j5eXqKGQE
138,Inversive Poncelet,Focus-Inversive N=3 Family in the Elliptic Billiard: Pascal Limaçon-Inscribed Billiard Triangles II,3,"9,7",2020,,https://youtu.be/LOJK5izTctI
139,Inversive Poncelet,Focus-Inversive Polygons' Equi-Area Pedal Polygons (wrt foci),3,--,2020,T,https://youtu.be/0L2uMk2xyKk
140,Inversive Poncelet,Invariant Area Ratio Between Focus-Inversive Polygons for all N,5,--,2020,T,https://youtu.be/eG4UCgMkKl8
141,Inversive Poncelet,Invariant Inversive Perimeter (all N) and Area Product (odd N),5,--,2020,T,https://youtu.be/bTkbdEPNUOY
142,Inversive Poncelet,Invariant Inversive perimeter and N=6 a/b=2 Null Antipedal Area I,6,--,2020,T,https://youtu.be/fOAES-CzjNI
143,Inversive Poncelet,"Invariants of Inversive, Polar, and Dual Polygons derived from N-Periodics in the Elliptic Billiard",5,--,2020,T,https://youtu.be/qyAHOW32NXY
144,Inversive Poncelet,Inversive Elliptic Billiard N-Periodics are Circular Arcs Interscribed between two Pascal Limaçons,5,--,2020,T,https://youtu.be/bFsehskizls
145,Inversive Poncelet,Loci of Invariant Inversive perimeter and N=6 a/b=2 Null Antipedal Area,6,--,2020,T,https://youtu.be/HMhZW_kWLGw
146,Inversive Poncelet,Self-Intersected 5-periodics in the Elliptic Billiard: Loci of Focus-Inversive Centroids are Circles,5,--,2020,T,https://youtu.be/7bzID9SVwqM
147,Inversive Poncelet,"A Rose in the Elliptic Billiard: the Constant-Perimeter, Focus-Inversive Family",5,--,2021,T,https://youtu.be/wkstGKq5jOo
148,Inversive Poncelet,Inversive Symmedian I: 4 Families with Stationary Symmedian Points,3,6,2021,T,https://youtu.be/F0YuAx2Dy6M
149,Inversive Poncelet,Inversive Symmedian II: Stationary Inversive X6 in Excentral Family,3,6,2021,T,https://youtu.be/vHUsFzvnRu4
150,Inversive Poncelet,Inversive Symmedian III: Stationary Cosine Circle of Inversive Triangles,3,6,2021,T,https://youtu.be/wwX_QfkjVi0
151,Isodynamic Points,Isodynamic points I: construction via Apollonius' circles,3,--,2021,T,https://youtu.be/L0pr8PuPavk
152,Isodynamic Points,Isodynamic points II: centers of Apollonius' circles are collinear & reciprocity wrt circumcircle,3,--,2021,T,https://youtu.be/Bqd7mHHDRnU
153,Isodynamic Points,Isodynamic points III: constructing X15 with barycentric coordinates,3,--,2021,T,https://youtu.be/uUSKWHrctOQ
154,Isodynamic Points,Isodynamic Points IV: flank triangles between hexagons erected on a triangle's sides have common X16,3,--,2021,T,https://youtu.be/e3MkijszDEA
155,Isogonal and Isotomic,Antiorthic Axis and 5 points on the Billiard,3,"1,6,9,44,88,100",2019,,https://youtu.be/vyHZ8fwyiE8
156,Isogonal and Isotomic,Isotomic and Isogonal Conjugates of Billiard with respect to the 3-periodic family,3,"1,9,144",2019,,https://youtu.be/C0fIMK6fuAU
157,Isogonals over Poncelet,Extending A. Skutin's result I: locus of isogonal conjugate of fixed point over Poncelet triangles,3,--,2021,T,https://youtu.be/x0953ASLkuk
158,Isogonals over Poncelet,Extending A. Skutin's result II: conic frontiers of isogonal loci & confocal envelope of line loci,3,--,2021,T,https://youtu.be/o9iHWbk4aPc
159,Locus App,Loci of Ellipse-Inscribed Triangles: Part 01 - Intro to the App,3,--,2020,T,https://youtu.be/o63QTcpDqNA
160,Locus App,Loci of Ellipse-Inscribed Triangles: Part 02 - The Homothetic Family,3,--,2020,T,https://youtu.be/1i4ys4TFw48
161,Locus App,Loci of Ellipse-Inscribed Triangles: Part 03 - Derived Triangles,3,--,2020,T,https://youtu.be/DSeZXMnuirA
162,Locus App,Loci of Ellipse-Inscribed Triangles: Part 04 - Locus Type,3,--,2020,T,https://youtu.be/QIcx89W6J_k
163,Locus App,Segment Locus of the Center of a Certain Apollonius' Circle,3,"1,3,7,10,970,10441 ",2021,T,https://youtu.be/Ovypr11bNqU
164,Misc,Elliptic Billiards in Brazil,4,--,2019,T,https://youtu.be/PHitZFbps8M
165,Misc,Loci of Outer Napoleon Equilateral Construction I,3,13,2019,,https://youtu.be/70-E-NZrNCQ
166,Misc,Loci of Outer Napoleon Equilateral Construction II,3,13,2019,,https://youtu.be/wwuvau5GeqY
167,Misc,The Miquel Point of the Extouch and Excentral Triangles I,3,40,2019,,https://youtu.be/CKaV_AKZc1U
168,Misc,The Miquel Point of the Extouch and Excentral Triangles II,3,40,2019,,https://youtu.be/jDWwrUWVmjg
169,Misc,An invariant in the parabolic pair associated with the N=3 family,3,--,2020,,https://youtu.be/VpDrCPG6th0
170,Misc,Elliptic Billiard 3-Periodics: Invariants of the Focal Hyperbola,3,--,2020,T,https://youtu.be/_ydXSm-QplM
171,Misc,Horizontal-Vertical Billiard in a Rhombus and Parallelogram: are there N-Periodics?,n/a,--,2020,T,https://youtu.be/XKCYL-8hEVA
172,Misc,Locus and elliptic envelope of excircle tangents' hexagon (side touchpoints),3,--,2020,T,https://youtu.be/4XMTSvZtTJo
173,Misc,Non-monotonic X(88) and the X(1)-X(100) envelope,3,"1,88,100",2020,,https://youtu.be/nJLp--JjDZU
174,Misc,Pascal's Limaçon as Envelope of Circles,n/a,--,2020,T,https://youtu.be/495A_ZjgcyE
175,Misc,"Reuleaux Triangle: Properties of Negative Pedal Curve, and Exploring its Billiard Trajectories",n/a,--,2020,T,https://youtu.be/aGtDyVjlrvM
176,Misc,Six-Point Conic passes through Sideline Tangents to Excircles,3,--,2020,T,https://youtu.be/kVtTR-aINX4
177,Misc,The Thomson Cubic of 3-periodics,3,"1,2,3,4,6,9",2020,,https://youtu.be/uNHIZXgZDOs
178,Misc,"Apresentação do Curso 33o CBM IMPA-2021
""Invariantes Ponceletianas: um Passeio Experimental""",n/a,--,2021,T,https://youtu.be/UakZhTIQVro
179,Misc,Circumellipscevian Triangle: area ratio invariant in N=3 Concentric Poncelet,3,2,2021,T,https://youtu.be/4Q1uouMQzXU
180,Misc,Cramer-Castillon & Poncelet: surprising Brocard and Lemoine harmonies,3,"1,3,6,15,16",2021,T,https://youtu.be/Aw4U2Ah1Byc
181,Misc,Ellipse Maximal Distance Chords I: locus of the farthest midpoint can be a 4-leaf clover,n/a,--,2021,T,https://youtu.be/kJUkidbrn3g
182,Misc,Ellipse Maximal Distance Chords II: the Astroidal Evolute,n/a,--,2021,T,https://youtu.be/YvoyN46biq8
183,Misc,Ellipse-inscribed triangles w/ perimeter-trisecting vertices. What is the locus of the centroid?,3,--,2021,T,https://youtu.be/bGAE4IgBPN4
184,Misc,Excentral-Tangential Family of Elliptic Billiard 3-Periodics: invariant perimeter and stationary X7,3,"1,3,6,7,9,10,20",2021,T,https://youtu.be/Pqer9GfADqc
185,Misc,Interpolation of pedal and contrapedal curves,n/a,--,2021,T,https://youtu.be/0SW_tBUeNKg
186,Misc,Prof. Pamfilos' Construction of 6 points on a parabola,3,--,2021,T,https://youtu.be/ElxjUgHmKNU
187,Misc,Sixty Pascal Lines over Certain N=6 Poncelet Families,6,--,2021,T,https://youtu.be/qB-tGP6dQkk
188,Multiple Caustics,"Bicentrics w/ Three Caustics I: Non-Conic Loci of X(i), i=1,2,6,8,10",3,"1,2,6,8,10",2021,T,https://youtu.be/cvB0A7LmlZc
189,Multiple Caustics,Bicentrics w/ Three Caustics II -- Non-conic loci of excenters and  incenter,3,1,2021,T,https://youtu.be/A_-U2VvM5kY
190,Multiple Caustics,Bicentrics w/ Three Caustics III: loci of incenter & barycenter over 4 possible triangle choices,3,"1,2",2021,T,https://youtu.be/E1Rcu38MePQ
191,Multiple Caustics,Bicentrics w/ Three Caustics IV: loci of symmedian & Nagel points over 4 triangle choices,3,"6,8",2021,T,https://youtu.be/u1_uANWDNr8
192,Multiple Caustics,Bicentrics w/ Two Caustics I: circular locus of X(1),3,"1,3",2021,T,https://youtu.be/OM7uilfdGgk
193,Multiple Caustics,"Bicentrics w/ Two Caustics II: circular Loci of X(1), X(40), X(165)",3,"1,3,40,165",2021,T,https://youtu.be/qJGhf798E-s
194,Multiple Caustics,"Bicentrics w/ Two Caustics III: sextic loci of X(2), X(4), X(5)",3,"2,3,4,5",2021,T,https://youtu.be/6Fqp6Z1Q-0A
195,Multiple Caustics,"Bicentrics w/ Two Caustics IV: loci of X(1) (circle) and X(2) (sextic), varying caustic",3,"1,2,3",2021,T,https://youtu.be/3dnsWPlAmxE
196,Multiple Caustics,"Bicentrics w/ Two Caustics V: 1 circle, 2 non-conic loci of the excenters (also: X1,X40 circular)",3,"1,40",2021,T,https://youtu.be/qdqIuT-Qk6k
197,Multiple Caustics,Confocals w/ Two Caustics I: locus of the incenter X1 for 4 different caustics,3,1,2021,T,https://youtu.be/C14TL430UBc
198,Multiple Caustics,Confocals w/ Two Caustics II: locus of the incenter X1 over confocal caustic sweep,3,1,2021,T,https://youtu.be/kCY6KHFDV2M
199,Multiple Caustics,"Confocals w/ Two Caustics III: loci of excenters: two elliptic, one non-conic",3,1,2021,T,https://youtu.be/AisIrfn4IGg
200,Multiple Caustics,"Confocals w/ Two Caustics IV: two notable loci of the excenters (N=4,6 caustics)",3,1,2021,T,https://youtu.be/wB9bVkY9rqU
201,Multiple Caustics,Half N=4 Poncelet Triangles: elliptic locus of barycenter over 4 different families,3,2,2021,T,https://youtu.be/6yNod1LFVrY
202,Multiple Caustics,Poncelet Triangle Families w/ Multiple Caustics (derived from the Poristic and Confocal Families),3,--,2021,T,https://youtu.be/8HXgkuY-nFQ
203,Multiple Caustics,Poncelet Triangles with Smoothly-Varying Circular Caustic: the amazing loci of X(11) and X(59),3,"11,59",2021,T,https://youtu.be/2VqgB6KvP2g
204,N-Point Porisms,N-Point Porism I: three-point quasi-porisms,"9,18,21",--,2021,T,https://youtu.be/ui0YmSqR-vI
205,N-Point Porisms,N-Point Porism II: 3-point chord iteration: porism iff one point lies on mystery ellipse,9,--,2021,T,https://youtu.be/hvTYkkvhePQ
206,N-Point Porisms,N-Point Porism III: 3-point chord iteration & elliptic loci of third point for various N,"3,6,9,12,15,18",--,2021,T,https://youtu.be/a6zoq1YNPrw
207,N=3 Loci,3-Periodics and Derived Triangles,3,--,2019,,https://youtu.be/xyroRTEVNDc
208,N=3 Loci,Anticomplementary triangle intouchpoints I,3,"1,2,7,9,100,144",2019,,https://youtu.be/NzGKU75-Fuo
209,N=3 Loci,Anticomplementary triangle intouchpoints II,3,"1,2,7,9,100,144",2019,,https://youtu.be/gwfx6LDJnsE
210,N=3 Loci,"Anticomplementary, Medial Triangles and the Intouch Triangle I",3,"1,2,7,9,11,100,142,144",2019,,https://youtu.be/xyHUwpvAj3g
211,N=3 Loci,"Anticomplementary, Medial Triangles and the Intouch Triangle II",3,"1,2,7,9,11,100,142,144",2019,,https://youtu.be/e-mToZlkHtc
212,N=3 Loci,Locus of Bevan Point X(40) is similar to billiard,3,40,2019,,https://youtu.be/NwPioKleiyU
213,N=3 Loci,Locus of Excentral and Anticomplementary Triangles and Objects I,3,"1,2,5,11,100",2019,,https://youtu.be/50dyxWJhfN4
214,N=3 Loci,Locus of Excentral and Anticomplementary Triangles and Objects II,3,"1,2,5,11,100",2019,T,https://youtu.be/xSnRd6WWiKc
215,N=3 Loci,"Triangular orbits' extouchpoints, Feuerbach point & its anti-complement I",3,"1,2,5,11,100",2019,T,https://youtu.be/NNOktM8tvPM
216,N=3 Loci,"Triangular orbits' extouchpoints, Feuerbach point & its anti-complement I",3,"1,2,5,11,100",2019,T,https://youtu.be/1gYb5Y3-rQI
217,N=3 Loci,Locus of several triangular centers is elliptic,3,"1,2,3,4,5",2019,,https://youtu.be/f84W2aVnMpU
218,N=3 Loci,Locus of vertices of Feuerbach Triangle is non-elliptic,3,--,2019,,https://youtu.be/YPz0_xbit2I
219,N=3 Loci,Circular loci for X(140) and X(547) over 3-periodics in the Elliptic Billiard,3,"3,2,5,40,547",2020,T,https://youtu.be/_umuHLl9cCU
220,N=3 Loci,I love loci: classic triangle centers as one vertex moves parallel to the base,3,"1,2,3,4,20",2020,T,https://youtu.be/Y50RFjhvsAo
221,N=3 Loci,Locus of Bevan Point X(40) identical to billiard when a/b=golden ratio,3,40,2020,,https://youtu.be/rg28gGr-Qeo
222,N=3 Loci,Locus of X(59) has 4 self-intersections,3,59,2020,,https://youtu.be/pl_PqSuhlx0
223,N=3 Loci,The locus of X(140) is a circle over 3-periodics in the Elliptic Billiard,3,"3,5,140",2020,T,https://youtu.be/4g5G9eluxJo
224,N=3 Loci,Triangle family with 2 fixed vertices whose incenter X1 sweeps a circle,3,1,2020,T,https://youtu.be/MPKt7Q2DhJc
225,N=3 Loci,Elliptic Billiard 3-Periodics: triangle centers whose loci sweep 2 circles and 2 segments,3,"2,3",2021,T,https://youtu.be/haFTsq5UyK4
226,N=3 Loci,"Family of Poncelet Triangles between Concentric, Axis-Parallel Ellipses centered on X(1249)",3,"4,20,1249,1498",2021,T,https://youtu.be/QQSN_ndDJQk
227,N=3 Loci,"Gallery of Artful, Colorful Triangle Loci. Music by Tchaikovsky",3,--,2021,T,https://youtu.be/l-O5UT8tpuw
228,N=3 Loci,Loci of Incenter and Excenters over Poncelet 3-Periodics in a Generic Ellipse Pair,3,1,2021,T,https://youtu.be/z7qDgJEgPVY
229,N=3 Loci,"Loci of Triangle Centers of Poncelet 3-Periodics IV: Outer Elllipse, Inner Non-Concentric Circle",3,"3,5",2021,T,https://youtu.be/w7sZ5O8k4xU
230,N=3 Loci,"Loci of Triangle Centers of Poncelet 3-Periodics: 
I Generic Pair, Elliptic Loci",3,"2,3,4,5,20",2021,T,https://youtu.be/p1medAei_As
231,N=3 Loci,"Loci of Triangles Centers of Poncelet 3-Periodics II: Pair with Circumcircle, Circular Loci",3,"2,3,4,5,20",2021,T,https://youtu.be/HXgJQo2UT_8
232,N=3 Loci,"Poncelet 3-Periodics in a Non-Concentric, Unaligned Ellipse Pair",3,--,2021,T,https://youtu.be/bjHpXVyXXVc
233,N=3 Loci,Poncelet 3-Periodics in Generic Pair and Affine Image with Circumcircle (Blaschke Parametrization),3,--,2021,T,https://youtu.be/6xSFBLWIkTM
234,N=3 Loci,Loci of Triangles Centers of Poncelet 3-Periodics III: Concentric Tilted Ellipse Pair,3,"2,3,4,5,20",2021,T,https://youtu.be/hpb7ZgKWjUY
235,N>3 Periodics,4-periodics and Monge's Orthoptic Circle I,4,--,2019,,https://youtu.be/9fI3iM2jrmI
236,N>3 Periodics,4-periodics and Monge's Orthoptic Circle II,4,--,2019,,https://youtu.be/BTSNc_YN0lo
237,N>3 Periodics,4-periodics: Loci of Triangle Centers for Vertex Triad,4,--,2019,,https://youtu.be/y2bnml8heGg
238,N>3 Periodics,5-periodics: Loci of Subtriangles (123 and 124),5,--,2019,,https://youtu.be/4lj9yQ-e_cE
239,N>3 Periodics,"5-periodics: locus of P1,P2,P3 triangle",5,--,2019,,https://youtu.be/yQMOtAGdrqA
240,N>3 Periodics,"5-periodics: locus of P1,P2,P4 triangle",5,--,2019,,https://youtu.be/2MA1h-dMnw8
241,N>3 Periodics,6-periodic family,6,--,2019,,https://youtu.be/YZfFGew4azI
242,N>3 Periodics,Enagramma Mysticum: loci of side intersections,9,--,2019,,https://youtu.be/ECo1hTCVuDg
243,N>3 Periodics,Family of Orbits and Their Caustics,3 to 6,--,2019,,https://youtu.be/Y3q35DObfZU
244,N>3 Periodics,Generalized Mittenpunkt and On-Caustic Extouchpoints,"4,5",--,2019,,https://youtu.be/Bpc-MrR2IMc
245,N>3 Periodics,Mittenpunkt-like Construction of a Stationary Point,4 to 7,--,2019,,https://youtu.be/TV2p7fPlYfE
246,N>3 Periodics,Octagramma Mysticum I,8,--,2019,,https://youtu.be/mDomB-_GiNA
247,N>3 Periodics,Octagramma Mysticum II,8,--,2019,,https://youtu.be/xgdgx0erM58
248,N>3 Periodics,Upright 5-periodic family,5,--,2019,,https://youtu.be/RQE1s2siPSo
249,N>3 Periodics,An Invariant Based on Inradii and Circumradii of Subtriangles in the Elliptic Billiard,5,--,2020,T,https://youtu.be/ipOEfbxWsdk
250,N>3 Periodics,Circumcircles of Focus with Consecutive Vertices Homothetic to Focus Antipedal,"5,6",--,2020,T,https://youtu.be/kVxh5jfZb9Q
251,N>3 Periodics,Cremona-Inversive Polygon of Odd-N-Periodics in the Elliptic Billiard: Zero Signed Area,5,--,2020,T,https://youtu.be/GrDh0mmtHCE
252,N>3 Periodics,Ellipse-Inscribed Parallelogram: invariants of the Pedal Polygon w/ respect to boundary points I,4,--,2020,T,https://youtu.be/7eUQQgR-w3c
253,N>3 Periodics,Ellipse-Inscribed Parallelogram: invariants of the Pedal Polygon w/ respect to boundary points II,4,--,2020,,https://youtu.be/sViggJv4xyQ
254,N>3 Periodics,Elliptic Billiard with Perpendicular Reflection Rule,n/a,--,2020,T,https://youtu.be/0Qqi7ubS9Bw
255,N>3 Periodics,Incenters of Focus Triads: Invariant Area Ratio to N-Periodic and Elliptic Locus,5,--,2020,T,https://youtu.be/ehnbRnCUmS0
256,N>3 Periodics,Invariant Area Ratios to Minimum-Area Steiner Pedal Polygons,5,--,2020,T,https://youtu.be/f0JwRlu7iaY
257,N>3 Periodics,Family of Poncelet 7-Periodics Interscribed Between Two Ellipses in General Position,7,--,2021,T,https://youtu.be/kzxf7ZgJ5Hw
258,N>3 Periodics,Invariant Sums of Generalized Exradii (and their inverses) over various Poncelet families,"3,4,5,6,7",--,2021,T,https://youtu.be/yiGIl-nXXj8
259,N>3 Periodics,N-Periodics in the Elliptic Billiard: Invariant Sum of Cosines,"3,4,5,6,7,8",--,2021,T,https://youtu.be/qP67bdqS3nQ
260,N>3 Periodics,N-Periodics in the Homothetic Pair: Invariant Sum of Cotangents,"3,4,5,6,7,8",--,2021,T,https://youtu.be/TzKsr-x1KFk
261,Original 2011,3-Periodic trajectories I,3,--,2011,,https://youtu.be/9zAr5-nm7mw
262,Original 2011,3-Periodic trajectories II,3,--,2011,,https://youtu.be/A7mPzrNJHkA
263,Original 2011,3-Periodic trajectories III,3,--,2011,,https://youtu.be/6yXA0dyWhFY
264,Original 2011,Locus of incenter is elliptic for family of 3-periodics,3,1,2011,,https://youtu.be/BBsyM7RnswA
265,Original 2011,Locus of the incircle touchpoints is a higher-order curve,3,1,2011,,https://youtu.be/9xU6T7hQMzs
266,Orthic Phenomena,Excentral of Orthic for Acute and Obtuse Triangles,3,4,2019,,https://youtu.be/-bLuvICzmqM
267,Orthic Phenomena,"Locus of orthocenter, orthic orthocenter, incenter, and orthic orthic's incenter",3,"1,4",2019,,https://youtu.be/HY577AZVi7I
268,Orthic Phenomena,Locus orthic triangle's incenter is a 4-arc ellipse,3,4,2019,,https://youtu.be/3qJnwpFkUFQ
269,Pascal Theorem,Pascal's Theorem I: Testing if 6 points lie on the same conic,n/a,--,2021,,https://youtu.be/OeN47WSnLkA
270,Pascal Theorem,Pascal's Theorem II: finding a point on a 5-pt conic that lies along a specified direction,n/a,--,2021,,https://youtu.be/6DdScxLWiIc
271,Pascal Theorem,Pascal's Theorem III: locating the center of a 5-pt conic via conjugate diameters,n/a,--,2021,,https://youtu.be/t8B6jEJ4DbU
272,Pascal Theorem,Pascal's Theorem IV: locating the axes of a conic passing through 3 points and of a known center,n/a,--,2021,,https://youtu.be/wnYPz_okdJc
273,Pascal Theorem,Pascal's Theorem V: drawing the tangent to a 5-pt conic at a given point on the conic,n/a,--,2021,,https://youtu.be/O7x513NKAuw
274,Pascal Theorem,"Pascal's Theorem VI: locating the vertices, co-vertices, and foci of a 5-pt ellipse",n/a,--,2021,,https://youtu.be/QAHkVIVEDso
275,Pedal Invariants,"Altitude Invariants to N-Periodics and their Tangential Polygons (N=3,4)","3,4",--,2020,T,https://youtu.be/MvZhWbI6iB8
276,Pedal Invariants,"Altitude Invariants to N-Periodics and their Tangential Polygons (N=5,6)","5,6",--,2020,T,https://youtu.be/RNmHROZNGj8
277,Pedal Invariants,Area Invariants of Pedal and Antipedal Polygons,3,--,2020,T,https://youtu.be/LN623VjeeFQ
278,Pedal Invariants,Centroid Stationarity (even N),"4,6",--,2020,T,https://youtu.be/j_GD_g8aIbg
279,Pedal Invariants,Concyclic Feet of Focal Pedals and Invariant Product of Sums of Lengths for odd N,"5,6",--,2020,T,https://youtu.be/OT-xAdbOp8o
280,Pedal Invariants,Exploring Amazing Invariants of N-Periodics and their Pedal Polygons,3n/a12,--,2020,T,https://youtu.be/2yXbOV7qf7k
281,Pedal Invariants,Invariant sum of squared altitudes from each focus to tangential polygon sides,"3,4,5,6,7,8",--,2020,T,https://youtu.be/VUtBRzmbOYU
282,Pedal Invariants,Pedal Polygons for the N-Periodic and its Tangent Polygon: Area Ratio Invariances,"5,6",--,2020,T,https://youtu.be/6F7Y3UKJzdk
283,Pedal Invariants,Pedal polygons from each focus have invariant area product,5,--,2020,T,https://youtu.be/sw8pJFMV00w
284,Pedal Invariants,Sum of square altitudes from arbitrary point to N-periodic tangents is invariant,5,--,2020,T,https://youtu.be/btexFUUBpjQ
285,Pencil of Circles,Inverting a triangle with respect to a pencil of circles,3,"1, 3, 6, 15, 16, 61, 62, 372, 1151, 1152, 3312",2021,T,https://youtu.be/hmj5Mf7TV_s
286,Pencil of Circles,Poncelet in Circle Pencil I: the geometric Flamenco of 5-Periodics with 4 caustics,5,--,2021,T,https://youtu.be/L5A_S4VQLiw
287,Pencil of Circles,Poncelet in Circle Pencil II: constant-perimeter polar image of 5-gons wrt to a limiting point (billiard),5,--,2021,T,https://youtu.be/8dRap3ZWQjQ
288,Pencil of Circles,Poncelet in Circle Pencil II: The automatically-closing N=4 family (zero limit-polar perimeter),5,--,2021,T,https://youtu.be/-8CVK18UkM8
289,Pencil of Circles,Poncelet in Circle Pencil III: The automatically-closing N=6 family (zero limit-polar perimeter),6,--,2021,T,https://youtu.be/ZTn8oJZ5p3o
290,Pencil of Circles,Poncelet in Circle Pencil IV: Polar images of all closing permutations have same invariant perimeter,5,--,2021,T,https://youtu.be/KQyLs1NyYZ0
291,Pencil of Confocals,Loci of tangents to confocals: point traverses entire elliptic boundary,n/a,--,2019,,https://youtu.be/EL4vgcJaktc
292,Pencil of Confocals,Loci of tangents to confocals: point traverses neighborhood of right vertex,n/a,--,2019,,https://youtu.be/J5CA9UJVflI
293,Pencil of Confocals,"Locus of tangents from ellipse: -45,45 degrees starting points",n/a,--,2019,,https://youtu.be/lXhnBksS74E
294,Pencil of Confocals,"Locus of tangents from ellipse: 5,95,-45,45 degrees starting points",n/a,--,2019,,https://youtu.be/Ac0iej_TaEc
295,Pencil of Confocals,Tangents from a point on boundary to caustics ,n/a,--,2019,,https://youtu.be/mkhhd536_2w
296,Pencil of Confocals,Tangents to caustics from billiard's vertex lie on a single circle,n/a,--,2019,,https://youtu.be/NsZUyDJ6IOs
297,Poncelet Family,Pencil of N=3 Poncelet Ellipse Pairs: Loci of Triangular Centers,3,"1,2,3,4,5,6,7,8,9,11,100",2019,,https://youtu.be/B5dRXT8Xerw
298,Poncelet Family,Poncelet Family of Triangles over the Family of N=3 Caustics,3,"1,2,3,4,5,11,9,100",2019,,https://youtu.be/53pCKKd_5qI
299,Poncelet Family,Poncelet Triangle Inscribed in Ellipse and Circumscribed in Circle,3,"1,2,3,4,5,11,100",2019,,https://youtu.be/I1BFOXN-EUw
300,Poncelet Family,3-Periodics in a Concentric Homothetic Poncelet Pair: Circular Loci of four Triangle Centers,3,"2,13,14,15,16",2020,T,https://youtu.be/ZwTfwaJJitE
301,Poncelet Family,3-Periodics in a Homothetic-Rotated Poncelet Pair: stationary orthocenter and loci of X107 and X122,3,"4,107,122",2020,T,https://youtu.be/fpd_Zot5cKk
302,Poncelet Family,5- and 7-Periodics on a Homothetic-Rotated Poncelet Pair: All Altitudes Meet at the Center,"5,7",--,2020,T,https://youtu.be/gNHiZvBhKF8
303,Poncelet Family,5-Periodic Poncelet Families and their Pedal Polygons with Respect to their Curvature Centroids,5,--,2020,T,https://youtu.be/RP18B827l5I
304,Poncelet Family,"An N=3 Poncelet family (outer circle, inner ellipse) equivalent to Poristic Excentrals",3,"3,4,5",2020,T,https://youtu.be/wUu2iMesv3U
305,Poncelet Family,Between a Circle and a Concentric Ellipse: Poncelet 3-Periodics Identical to Poristic Excentrals.,3,"3,4,5",2020,T,https://youtu.be/xM1SAZO9bDc
306,Poncelet Family,Between an Ellipse and a Concentric Circle: Poncelet 3-Periodics Identical to Poristic Triangles.,3,"1,3",2020,T,https://youtu.be/ML_AZoX736w
307,Poncelet Family,Concentric Poncelet Pair w Circumcircle: Locus of Pseudo-Orthocenter is Circle (odd N) + Invariants,"3,5",--,2020,T,https://youtu.be/3f6YBohQCFg
308,Poncelet Family,Concentric Poncelet Pair w Incircle: Ratio of Sidelength Product to Perimeter is Invariant for odd N,"3,5",--,2020,T,https://youtu.be/7Jg2nRkkUhQ
309,Poncelet Family,Family of 3-Periodics in Five Poncelet Pairs,"1,2,3,4,9",--,2020,T,https://youtu.be/8hkeksAsx0E
310,Poncelet Family,Isodynamic Pedals and Isogonic Antipedals: Equilaterals with Constant Area in the Homothetic Pair,3,"2,13,14,15,16,395,396,5463,5464",2020,T,https://youtu.be/7qoxAaG8sbk
311,Poncelet Family,Jean-Victor Poncelet & Jakob Steiner walk into a Bierhaus + discover many invariants,"3,4,5,6",--,2020,T,https://youtu.be/30cuWWaZv7A
312,Poncelet Family,N-Periodics on a Homothetic-Rotated Poncelet Pair: All Altitudes Meet at the Center,"3,4,5,6,7",--,2020,T,https://youtu.be/ttKjzWeG5B8
313,Poncelet Family,New Invariants of Poncelet N-Periodics in the Homothetic Pair,5,--,2020,T,https://youtu.be/2PdsC3CcqaE
314,Poncelet Family,"Poncelet 3-Periodic Invariants (Outer Circle, Inner Concentric Ellipse) of the Nine-Point Center II",3,"3,5,4",2020,T,https://youtu.be/8xlYaQfQCTw
315,Poncelet Family,Poncelet Family: Amazing Circular Locus of X3 and the Steiner's Curvature Centroid,5,3,2020,T,https://youtu.be/601OfxuSDGc
316,Poncelet Family,"Poncelet Invariants:
circular + point loci of the pseudo-circumcenter and pseudo-orthocenter, N=5,6","5,6",--,2020,T,https://youtu.be/ZfQEDujbirQ
317,Poncelet Family,Three Geometers Walk into a Bar: the 3-periodic Poncelet-Steiner family has invariant Brocard angle.,3,2,2020,T,https://youtu.be/2fvGd8wioZY
318,Poncelet Family,"Concentric Ellipse-Circle Poncelet 3-Periodics: invariant inradius, circumradius and cosine sum",3,"1,3",2021,T,https://youtu.be/eIxb1so6ORo
319,Poncelet Family,"Limiting Points of Poncelet 3-Periodic Circle Pairs: Loci, Properties, Invariants",3,"1,3,40",2021,T,https://youtu.be/bHTLS2XzkIQ
320,Poncelet Family,Power Circles of Poncelet 3-Periodics have Invariant Total Area,3,"2,3,4",2021,T,https://youtu.be/_psLvzlWTvQ
321,Poncelet Family,"Six Families of Poncelet 3-Periodics in Concentric, Axis-Aligned Ellipses",3,"1,2,3,4,6,9",2021,T,https://youtu.be/14TQ5WlZxUw
322,Poncelet Plectra,Poncelet Guitar Picks I: Cosine Space of Confocal and Incircle 3-Periodic Families,3,--,2021,T,https://youtu.be/uwdW95HI-q8
323,Poncelet Plectra,Poncelet 3-Periodics w/ Circumcircle and Affine Excentral Image: Identical Invariant Cosine Product,3,--,2021,T,https://youtu.be/PMqoH4oGt10
324,Poncelet Plectra,Poncelet 3-Periodics with Incircle and Affine Confocal Image: Identical Invariant Sum of Cosines,3,--,2021,T,https://youtu.be/CKVoQvErjj4
325,Poncelet Propellers,"Poncelet Propellers I: Ellipse Pair with Incircle, Invariant Total Area of Excentral Circumellipses",3,"1,3",2020,T,https://youtu.be/tHUDfx9o0Wg
326,Poncelet Propellers,Poncelet Propellers II: invariant total area of anticevian-circumellipse blades,3,"1,2,3,9",2020,T,https://youtu.be/crXxPJ93ZDk
327,Poncelet Propellers,Poncelet Propellers III: family of incircle 3-periodics and one excentral circumellipse,3,1,2021,T,https://youtu.be/JUCmAMsfdkI
328,Poncelet Propellers,Poncelet Propellers IV: 3 excentral circumellipses and invariant total area,3,1,2021,T,https://youtu.be/ub4wAv8Hgb0
329,Poncelet Propellers,Poncelet Propellers V: Total Area Remains Invariant for Non-Axis-Aligned Concentric Ellipse Pair,3,--,2021,T,https://youtu.be/FJXMpUcslaA
330,Poristic,Aspect Ratios of X10- and Excentral X5-Centered Circumconics are Invariant & Equal,3,"1,3,10,40,100",2020,T,https://youtu.be/-4AAUSFxvmo
331,Poristic,Chapple's Porism from (1746) and Weaver (1927) and Odehnal (2011) Invariants,3,"1,3,40,1155",2020,T,https://youtu.be/DS4ryndDK6Q
332,Poristic,Circumbilliard of the Poristic Triangle Family: Invariant Aspect Ratio,3,"1,3,9,40",2020,T,https://youtu.be/yEu2aPiJwQo
333,Poristic,Feuerbach and Excentral Jerabek Hyperbolas to Poristic Family have invariant focal length ratio,3,"1,3,9,11,100",2020,,https://youtu.be/bn1tq6NU_y0
334,Poristic,Invariant aspect ratios for the Circumbilliard and Excentral X6-Ctr Circumconic,3,"1,3,9,40,100",2020,T,https://youtu.be/Fy4T-dmu-8s
335,Poristic,Loci of center and foci of the Circumbilliard to the Poristic Family are circles.,3,"1,3,9,40,100",2020,T,https://youtu.be/LGgh11LMGGY
336,Poristic,Poristic Triangle Family and the Amazing Invariant Excentral X3-Centered Inconic,3,"1,3,9,40,100",2020,T,https://youtu.be/0VHBjdHXbJc
337,Poristic,Reference & Excentral Simson Lines have fixed points and are Orthogonal I,3,"1,3,40",2020,T,https://youtu.be/M9NIRnfGtGc
338,Poristic,Reference & Excentral Simson Lines have fixed points and are Orthogonal II,3,"1,3,40",2020,,https://youtu.be/B06SvYfNByE
339,Poristic,Side-by-Side View of Poristic and 3-Periodic Families,3,"1,3,9,40,100",2020,T,https://youtu.be/NvjrX6XKSFw
340,Poristic,"Simson Lines from X100 and Excentral Medials are Parallel to L(X1,X3).",3,"1,3,40,100",2020,T,https://youtu.be/DfzPrZ0SRRc
341,Poristic,X1-Centered Circumconic & X40-Centered (Excentral) Inconic: Identical Invariant Axes I,3,"1,3,40,100",2020,T,https://youtu.be/hz0qEyVVvaI
342,Poristic,X1-Centered Circumconic & X40-Centered (Excentral) Inconic: Identical Invariant Axes II,3,"1,3,40,100",2020,,https://youtu.be/PGdQY7f626Y
343,Quasi-Porisms,Multiple-caustic Poncelet I: a curious N=6 porism,6,--,2021,T,https://youtu.be/jZQvbzD_DFw
344,Quasi-Porisms,Multiple-caustic Poncelet II: an N=14 example,"6,14",--,2021,T,https://youtu.be/wLpLwcmBLms
345,Quasi-Porisms,Multiple-Caustic Poncelet III: an N=10 example on variant of the bicentric family,10,--,2021,T,https://youtu.be/iN9RreO6ONA
346,Quasi-Porisms,Multiple-Caustic Poncelet IV: cases when a pseudo-porism is maintained and cases when it fails,"4,6,8",--,2021,T,https://youtu.be/XkmyB2uY5XE
347,Quasi-Porisms,"Multiple-Caustic Poncelet V: a non-poristic and a quasi-poristic N=4, what is going on?",4,--,2021,T,https://youtu.be/gqzKEBVEoiE
348,Quasi-Porisms,Multiple-Caustic Poncelet VI: more quasi-porisms with two circular caustics and round-robin tangents,"4,6,8,10,128",--,2021,T,https://youtu.be/yypsjCNSYj0
349,Rotating Equilaterals,Rotating Equilaterals I: cevian triangles with respect to a fixed point on circumcircle,3,"1,2,3,4,5,6, 13,14,15,16,20",2021,T,https://youtu.be/_QM6yNQ9heU
350,Rotating Equilaterals,Rotating Equilaterals II: loci of cevian triangle centers post-affine transformation,3,"1,2,3,4,5,6, 13,14,15,16,21",2021,T,https://youtu.be/f01RPhQS0mQ
351,Rotating Equilaterals,Rotating Equilaterals III: loci of cevian triangle centers w.r.t. a fixed point on the incircle,3,"1,2,3,4,5,6, 13,14,15,16,22",2021,T,https://youtu.be/1Xtb0H1S8Z4
352,Rotating Equilaterals,Rotating Equilaterals IV: loci of cevian triangle centers w.r.t. any point on the plane,3,"1,2,3,4,5,6, 13,14,15,16,23",2021,T,https://youtu.be/z_hndz19lH4
353,Rotating Equilaterals,"Rotating Equilaterals IX: Loci of X6,X13,X14,X15,X16 of antipedal triangles",3,"1,2,3,4,5,6, 13,14,15,16,28",2021,T,https://youtu.be/RF6Mm65qQgI
354,Rotating Equilaterals,Rotating Equilaterals V: Eversions of the Anticevian triangle w.r.t. a point P on the circumcircle,3,"1,2,3,4,5,6, 13,14,15,16,24",2021,T,https://youtu.be/aGjKEfAv2V8
355,Rotating Equilaterals,Rotating Equilaterals VI: The nature of eversions of the anticevian triangle w.r.t. a point P,3,"1,2,3,4,5,6, 13,14,15,16,25",2021,T,https://youtu.be/hLKLq8eUmsY
356,Rotating Equilaterals,Rotating Equilaterals VII: Conic locus of X2 of antipedal triangles,3,"1,2,3,4,5,6, 13,14,15,16,26",2021,T,https://youtu.be/8NBh0H2Vps0
357,Rotating Equilaterals,"Rotating Equilaterals VIII: Loci of X3,X4,X5 of antipedal triangles",3,"1,2,3,4,5,6, 13,14,15,16,27",2021,T,https://youtu.be/wiknzClcm4s
358,Rotating Equilaterals,Rotating Equilaterals X: Two incredible pedal and antipedal loci over Poncelet homothetics,3,"1,2,3,4,5,6, 13,14,15,16,29",2021,T,https://youtu.be/aRadZgO4n2Q
359,Rotating Equilaterals,Rotating Equilaterals XI: Loci of triangle centers of pedal triangles,3,"1,2,3,4,5,6, 13,14,15,16,30",2021,T,https://youtu.be/S2OZLny2Hfo
360,Rotating Equilaterals,Rotating Equilaterals XII: Loci of triangle centers of antipedal triangles,3,"1,2,3,4,5,6, 13,14,15,16,31",2021,T,https://youtu.be/m7iqvZFL-o8
361,Self-Intersected,Self-intersecting 5-periodics (pentagram),5,--,2019,,https://youtu.be/ECe4DptduJY
362,Self-Intersected,Self-intersecting 5-periodics (pentagram): Locus of Internal Intersections,5,--,2019,,https://youtu.be/ZaqvmK22pBM
363,Self-Intersected,Elliptic Billiard 8-Periodics: Null sum of double cosines of outer polygon,8,--,2020,,https://youtu.be/GEmV_U4eRIE
364,Self-Intersected,"Elliptic Billiard Self-Intersected 7-Periodics, a/b=2: Invariant Perimeter Focus-Inversive Polygons",7,--,2020,T,https://youtu.be/gf_aHyvbqOY
365,Self-Intersected,Elliptic Billiard: Self-Intersected 6-Periodics (type I),6,--,2020,T,https://youtu.be/fOD85MNrmdQ
366,Self-Intersected,Elliptic Billiard: Self-Intersected 6-Periodics (type II),6,--,2020,T,https://youtu.be/gQ-FbSq7wWY
367,Self-Intersected,Elliptic Billiard: Vertices of Self-Intersected 4-Periodics & Outer Polygon are concyclic w/ foci,4,--,2020,T,https://youtu.be/4g-JBshX10U
368,Self-Intersected,Family of self-intersected N=8 w/ turning number 2 in the Elliptic Billiiard,8,--,2020,T,https://youtu.be/JwD_w5ecPYs
369,Self-Intersected,Family of Self-Intersecting 4-Periodics in the Elliptic Billiard: Inversive Polygon is a Segment,4,--,2020,T,https://youtu.be/207Ta31Pl9I
370,Self-Intersected,Self-Intersected 6-Periodics in the Elliptic Billiard: Invariant Perimeter Focus-Inversive Polygon,6,--,2020,T,https://youtu.be/7lXwjXj-8YY
371,Self-Intersected,Self-intersecting 4-periodics (bowtie and tangential polygon) I,4,--,2020,,https://youtu.be/C8W2e6ftfOw
372,Self-Intersected,Self-intersecting 4-periodics (bowtie and tangential polygon) II,4,--,2020,,https://youtu.be/cCYxN7ueGV4
373,Self-Intersected,The two types of self-intersected 7-periodics in the Elliptic Billiard,7,--,2020,T,https://youtu.be/yzBG8rgPUP4
374,Self-Intersected,Type I Self-Intersected 8-Periodics in the Elliptic Billiard and the Inversive Polygon,8,--,2020,T,https://youtu.be/5Lt9atsZhRs
375,Self-Intersected,Type II Self-Intersected 8-Periodics in the Elliptic Billiard + Outer & Inversive Polygons,8,--,2020,T,https://youtu.be/93xpGnDxyi0
376,Self-Intersected,Self-Intersected Four Periodics in the Elliptic Billiard: Chockfull of Properties,4,--,2021,T,https://youtu.be/GZCrek7RTpQ
377,Stationary Circles,5-periodics and a stationary circle,5,--,2019,,https://youtu.be/dINE4aH1cvk
378,Stationary Circles,Cosine Circle of Excentral Triangle is Stationary,3,"9,40",2019,,https://youtu.be/ACinCf-D_Ok
379,Stationary Circles,Intersections of Excentral Triangle and its Reflection is a Circle,3,9,2019,,https://youtu.be/hCQIT6_XhaQ
380,Stationary Circles,Locus of Intersection of Anti-Tangents is Stationary Circle,3,9,2019,,https://youtu.be/CrOSI8d8qDc
381,Stationary Circles,Stationary circles for N=3 to 8,3 to 8,--,2019,,https://youtu.be/EFeINGIDFrg
382,Steiner's Hat,A narrated tour of the Garcia Deltoid: Surprising Invariants and Properties,n/a,--,2020,T,https://youtu.be/LxADeM1-WHw
383,Steiner's Hat,"Concyclic pre-images, osculating circles, and 3 area-invariant triangles",n/a,--,2020,T,https://youtu.be/fwyr6LXFS1c
384,Steiner's Hat,Equal sum of distances from each focus to vertices of antipedal polygon,"3,4,5,6",--,2020,T,https://youtu.be/UzBt4R1jGYE
385,Steiner's Hat,Locus of Cusps and Deltoid Center of Area,n/a,--,2020,T,https://youtu.be/rZht21KFXk4
386,Steiner's Hat,Pedal Polygons to N-Periodics with respect to a Focus: Concyclic Vertices and Circular Caustic,"3,4,5,6",--,2020,T,https://youtu.be/7TE3a5vEWuU
387,Steiner's Hat,Properties of Osculating Circles to the Ellipse at the 3 Cusp Pre-Images,n/a,--,2020,T,https://youtu.be/NwXc-Vfjs98
388,Steiner's Hat,Rotated Negative Pedal Curve of Ellipse is Area-Invariant,n/a,--,2020,T,https://youtu.be/DgADxkqlKSw
389,Steiner's Hat,The Envelope of Ellipse Antipedals is a Constant-Area Deltoid I,n/a,--,2020,T,https://youtu.be/wetmchfY5jI
390,Steiner's Hat,The Envelope of Ellipse Antipedals is a Constant-Area Deltoid II,n/a,--,2020,,https://youtu.be/_SuGYRS43EU
391,Subtris,"Dynamics of the ""Circumcenter Map"": Periodicity, Stability, Converging, and Diverging Zones",3,3,2021,T,https://youtu.be/y6F8SmA67pw
392,Subtris,GPU-based Visualization of Convergence and Divergence Zones of the Circumcenter Map,3,3,2021,T,https://youtu.be/PaOPmRraQxQ
393,Subtris,Sub-Orthocenter Triangle I: Same Area as Reference,3,4,2021,T,https://youtu.be/SZxeu5YIWpQ
394,Subtris,Sub-Orthocenter Triangle II: Invariant Perimeter over Circumcircle,3,4,2021,T,https://youtu.be/GXwuDV0fdoU
395,Subtris,"Triangulation-Independent Kimberling Centers of Mass (S. Tabachikov & E. Tsukerman, 2015)",5,--,2021,T,https://youtu.be/aAqGkNsFKaM
396,Swans,Dance of the Swans: X(88) and X(162) (part I),3,"9,88,162",2020,T,https://youtu.be/ljGTtA1x-Sk
397,Swans,Dance of the Swans: X(88) and X(162) (part II),3,"9,88,162",2020,,https://youtu.be/uv_lZSmX9Pk
398,Swans,Motion of X(88) with respect to collinear X(100) and X(1),3,"1,88,100",2020,,https://youtu.be/DaoNJRcf-0E
399,Tangential Polygon,5-periodics and feet of excenters,5,--,2019,,https://youtu.be/PRkhrUNTXd8
400,Tangential Polygon,Locus of meetpoints of Excentral-to-Orbit Perpendiculars I,"3,4,5",--,2019,,https://youtu.be/JTasf8JKoH0
401,Tangential Polygon,Locus of meetpoints of Excentral-to-Orbit Perpendiculars II,"3,4,5",--,2019,,https://youtu.be/ugRFxo0l2OI
402,Tangential Polygon,Locus of Vertices of the Excentral Polygon,3 to 6,--,2019,,https://youtu.be/kaYWlBTpUPw
403,Tris Enveloping Ellipses,90-deg Isosceles Enveloping an Ellipse -- Non-Conic Loci of Vertices and Centroid,3,2,2021,T,https://youtu.be/-WaEYct_x7U
404,Tris Enveloping Ellipses,Equilaterals Enveloping an Ellipse I -- Loci of Vertices and Incenter,3,2,2021,T,https://youtu.be/LBs3VxbMxPc
405,Tris Enveloping Ellipses,Equilaterals Enveloping an Ellipse II -- Non-Conic Centroid Locus & Astroidal Envelope of Bisectors,3,2,2021,T,https://youtu.be/sZka-yj8IR4
406,Tris Enveloping Ellipses,Family of 90-60-30 Right Triangles Enveloping an Ellipse -- Loci of Vertices and Centers X(1)-X(20),3,"1,2,3,4,5,6,7,8,9,10,11,12,13,14,15,16,17,18,19,20",2021,T,https://youtu.be/7cLPQkVvVQM
407,Unrolled 3-Periodics,Fixed central billiard,3,--,2020,,https://youtu.be/v7CDrOTFDzo
408,Unrolled 3-Periodics,Pin P1 and n1,3,--,2020,,https://youtu.be/20fx69L_gnU
409,Unrolled 3-Periodics,Pin P1 at origin,3,--,2020,,https://youtu.be/cPDPb7RmXR4
410,Unrolled 3-Periodics,Pin P1 at origin and P1'' vertically above it,3,--,2020,,https://youtu.be/uh45MBlOORE